{"cameraMode":{"drawMode":0,"name":"Shaded","section":"Shading Mode"},"sceneLighting":true,"audioPlay":false,"sceneViewState":{"showFog":true,"showMaterialUpdate":false,"showSkybox":true,"showFlares":true,"showImageEffects":true,"showParticleSystems":true},"in2DMode":false,"pivot":{"x":0.5849025249481201,"y":-3.123281717300415,"z":10.764320373535157},"rotation":{"x":-0.1419125199317932,"y":-0.019814077764749528,"z":0.001872737193480134,"w":-0.9903239011764526},"size":5.683204650878906,"orthographic":false}