{"cameraMode":{"drawMode":0,"name":"Shaded","section":"Shading Mode"},"sceneLighting":true,"audioPlay":false,"sceneViewState":{"showFog":true,"showMaterialUpdate":false,"showSkybox":true,"showFlares":true,"showImageEffects":true,"showParticleSystems":true},"in2DMode":false,"pivot":{"x":-0.9997283220291138,"y":-1.6613545417785645,"z":10.361113548278809},"rotation":{"x":-0.08063534647226334,"y":0.05082705616950989,"z":-0.00445458572357893,"w":-0.995836615562439},"size":5.407395362854004,"orthographic":false}